<?xml version="1.0" encoding="UTF-8"?>
<p:beans xmlns:p="http://www.springframework.org/schema/beans" xmlns:xsi="http://www.w3.org/2001/XMLSchema-instance" xsi:schemaLocation="http://www.springframework.org/schema/beans spring-beans-3.2.xsd ">

<p:bean id="start" class="com.valtech.training.spring.Point"></p:bean>


 <p:bean id="line" autowire="byName" class="com.valtech.training.spring.Line">
 
 <p:property name="start">
   <p:ref bean="start"/>
 <!--    <p:ref local="start"/> -->
  <!--    <p:ref parent="start"/> -->
 </p:property>
 
 </p:bean>









</p:beans>
